lake,TP,TN,SRP,PO4,NH4,NO3_NO2,NO3,NO2,DOC,depth_m,Comment,date
Acton,58,3564,4.2,NA,71.5,NA,4555,NA,3.544,NA,NA,2010-04-26
Acton,80,3740,3.9,NA,77,NA,4210,NA,3.627,NA,NA,2010-05-03
Acton,106,5541,4.3,NA,45,NA,5290,NA,4.241,NA,NA,2010-05-10
Acton,80,5011,4.9,NA,65.7,NA,5285,NA,4.114,NA,NA,2010-05-17
Acton,81,4537,7.6,NA,58.6,NA,5100,NA,4.208,NA,NA,2010-05-24
Acton,77,4672,5.4,NA,55.9,NA,5510,NA,4.44,NA,NA,2010-06-01
Acton,109,5509,8.6,NA,65.8,NA,6175,NA,3.892,NA,NA,2010-06-07
Acton,84,6485,8,NA,82,NA,6675,NA,4.245,NA,NA,2010-06-14
Acton,41,7701,5.3,NA,202.8,NA,7090,NA,NA,NA,NA,2010-06-21
Acton,63,6353,6.1,NA,54.6,NA,6128,NA,4.552,NA,NA,2010-06-28
Acton,68,6330,6.2,NA,37.4,NA,5345,NA,4.31,NA,NA,2010-07-06
Acton,69,5460,5.7,NA,70.7,NA,4493,NA,4.083,NA,NA,2010-07-12
Acton,88,4460,5.9,NA,64.4,NA,3585,NA,4.093,NA,NA,2010-07-19
Acton,117,3397,5.9,NA,34.3,NA,2340,NA,4.251,NA,NA,2010-07-26
Acton,97,2645,6.2,NA,68.5,NA,1710,NA,4.44,NA,NA,2010-08-02
Acton,99,2168,6.9,NA,50.1,NA,1015,NA,4.509,NA,NA,2010-08-09
Acton,104,1899,7,NA,283.5,NA,444,NA,5.007,NA,NA,2010-08-16
Acton,121,1270,6.9,NA,74.5,NA,142,NA,4.86,NA,NA,2010-08-25
Acton,104,1433,9.1,NA,35.5,NA,16,NA,5.032,NA,NA,2010-09-01
Acton,144,1241,7.8,NA,67.2,NA,61,NA,4.904,NA,NA,2010-09-08
Acton,136,1602,6.9,NA,41.7,NA,266,NA,4.901,NA,NA,2010-09-15
Acton,134,1392,6.9,NA,23,NA,8,NA,4.992,NA,NA,2010-09-22
Acton,145,1536,7.1,NA,204.5,NA,51,NA,5.046,NA,NA,2010-09-29
Acton,153,1657,6.8,NA,212,NA,68,NA,NA,NA,NA,2010-10-04
Acton,121,1382,6.4,NA,38.2,NA,21,NA,5.271,NA,NA,2010-10-13
Vortsjarv,33,1800,NA,14,120,NA,1400,12,14.8,NA,NA,2013-01-15
Vortsjarv,32,2300,NA,24,120,NA,2100,20,13.1,NA,NA,2013-02-12
Vortsjarv,36,2000,NA,25,71,NA,1800,21,11.1,NA,NA,2013-03-19
Vortsjarv,31,1700,NA,19,130,NA,1200,33,9.8,NA,NA,2013-04-16
Vortsjarv,41,1300,NA,9,30,NA,980,14,11.3,NA,NA,2013-05-21
Vortsjarv,36,880,NA,18,20,NA,100,1,13.1,NA,NA,2013-06-18
Vortsjarv,41,920,NA,15,20,NA,10,1,11.2,NA,NA,2013-07-24
Vortsjarv,48,900,NA,17,20,NA,10,1,11.7,NA,NA,2013-08-14
Vortsjarv,39,720,NA,20,20,NA,10,3,12.9,NA,NA,2013-09-17
Vortsjarv,43,1000,NA,20,20,NA,10,1,12.2,NA,NA,2013-10-15
Vortsjarv,88,1500,NA,17,77,NA,76,3,10.4,NA,NA,2013-11-19
Vortsjarv,50,1200,NA,9,81,NA,240,5,11.7,NA,NA,2013-12-17
Langtjern,7,250,NA,NA,5,NA,0,NA,10.1,NA,Zero_NO3_means_less_than_one;Zero_NH4_means_less_than_two;TOC_ASSUMED_TO_BE_DOC_FOLLOWING_DEWIT_ETAL_2018,2013-06-09
Langtjern,4,245,NA,NA,4,NA,1,NA,9.9,NA,Zero_NO3_means_less_than_one;Zero_NH4_means_less_than_two;TOC_ASSUMED_TO_BE_DOC_FOLLOWING_DEWIT_ETAL_2019,2013-06-16
Langtjern,8,250,NA,NA,5,NA,3,NA,10.4,NA,Zero_NO3_means_less_than_one;Zero_NH4_means_less_than_two;TOC_ASSUMED_TO_BE_DOC_FOLLOWING_DEWIT_ETAL_2020,2013-06-23
Langtjern,12,250,NA,NA,5,NA,0,NA,11.5,NA,Zero_NO3_means_less_than_one;Zero_NH4_means_less_than_two;TOC_ASSUMED_TO_BE_DOC_FOLLOWING_DEWIT_ETAL_2021,2013-06-30
Langtjern,4,260,NA,NA,2,NA,0,NA,11.4,NA,Zero_NO3_means_less_than_one;Zero_NH4_means_less_than_two;TOC_ASSUMED_TO_BE_DOC_FOLLOWING_DEWIT_ETAL_2022,2013-07-07
Langtjern,4,255,NA,NA,5,NA,1,NA,11.2,NA,Zero_NO3_means_less_than_one;Zero_NH4_means_less_than_two;TOC_ASSUMED_TO_BE_DOC_FOLLOWING_DEWIT_ETAL_2023,2013-07-14
Langtjern,3,265,NA,NA,3,NA,1,NA,11.1,NA,Zero_NO3_means_less_than_one;Zero_NH4_means_less_than_two;TOC_ASSUMED_TO_BE_DOC_FOLLOWING_DEWIT_ETAL_2024,2013-07-21
Langtjern,8,305,NA,NA,12,NA,3,NA,10.1,NA,Zero_NO3_means_less_than_one;Zero_NH4_means_less_than_two;TOC_ASSUMED_TO_BE_DOC_FOLLOWING_DEWIT_ETAL_2025,2013-07-29
Langtjern,5,315,NA,NA,10,NA,5,NA,10.2,NA,Zero_NO3_means_less_than_one;Zero_NH4_means_less_than_two;TOC_ASSUMED_TO_BE_DOC_FOLLOWING_DEWIT_ETAL_2026,2013-08-04
Langtjern,5,290,NA,NA,4,NA,4,NA,10.6,NA,Zero_NO3_means_less_than_one;Zero_NH4_means_less_than_two;TOC_ASSUMED_TO_BE_DOC_FOLLOWING_DEWIT_ETAL_2027,2013-08-11
Langtjern,4,295,NA,NA,0,NA,1,NA,12.8,NA,Zero_NO3_means_less_than_one;Zero_NH4_means_less_than_two;TOC_ASSUMED_TO_BE_DOC_FOLLOWING_DEWIT_ETAL_2028,2013-08-18
Langtjern,4,245,NA,NA,21,NA,0,NA,11.8,NA,Zero_NO3_means_less_than_one;Zero_NH4_means_less_than_two;TOC_ASSUMED_TO_BE_DOC_FOLLOWING_DEWIT_ETAL_2029,2013-08-25
Langtjern,3,320,NA,NA,9,NA,2,NA,12.1,NA,Zero_NO3_means_less_than_one;Zero_NH4_means_less_than_two;TOC_ASSUMED_TO_BE_DOC_FOLLOWING_DEWIT_ETAL_2030,2013-09-02
Langtjern,12,390,NA,NA,22,NA,2,NA,11.6,NA,Zero_NO3_means_less_than_one;Zero_NH4_means_less_than_two;TOC_ASSUMED_TO_BE_DOC_FOLLOWING_DEWIT_ETAL_2031,2013-09-08
Langtjern,4,305,NA,NA,10,NA,8,NA,11.2,NA,Zero_NO3_means_less_than_one;Zero_NH4_means_less_than_two;TOC_ASSUMED_TO_BE_DOC_FOLLOWING_DEWIT_ETAL_2032,2013-09-15
Langtjern,10,305,NA,NA,0,NA,2,NA,12.9,NA,Zero_NO3_means_less_than_one;Zero_NH4_means_less_than_two;TOC_ASSUMED_TO_BE_DOC_FOLLOWING_DEWIT_ETAL_2033,2013-09-22
Langtjern,7,300,NA,NA,9,NA,2,NA,12.6,NA,Zero_NO3_means_less_than_one;Zero_NH4_means_less_than_two;TOC_ASSUMED_TO_BE_DOC_FOLLOWING_DEWIT_ETAL_2034,2013-09-29
Langtjern,6,280,NA,NA,2,NA,5,NA,11.6,NA,Zero_NO3_means_less_than_one;Zero_NH4_means_less_than_two;TOC_ASSUMED_TO_BE_DOC_FOLLOWING_DEWIT_ETAL_2035,2013-10-07
Langtjern,3,260,NA,NA,11,NA,5,NA,11.5,NA,Zero_NO3_means_less_than_one;Zero_NH4_means_less_than_two;TOC_ASSUMED_TO_BE_DOC_FOLLOWING_DEWIT_ETAL_2036,2013-10-13
Langtjern,9,265,NA,NA,17,NA,6,NA,11.2,NA,Zero_NO3_means_less_than_one;Zero_NH4_means_less_than_two;TOC_ASSUMED_TO_BE_DOC_FOLLOWING_DEWIT_ETAL_2037,2013-10-20
Langtjern,4,250,NA,NA,0,NA,5,NA,11.7,NA,Zero_NO3_means_less_than_one;Zero_NH4_means_less_than_two;TOC_ASSUMED_TO_BE_DOC_FOLLOWING_DEWIT_ETAL_2038,2013-10-27
Langtjern,11,275,NA,NA,11,NA,5,NA,12.3,NA,Zero_NO3_means_less_than_one;Zero_NH4_means_less_than_two;TOC_ASSUMED_TO_BE_DOC_FOLLOWING_DEWIT_ETAL_2039,2013-11-04
Langtjern,7,265,NA,NA,4,NA,4,NA,12,NA,Zero_NO3_means_less_than_one;Zero_NH4_means_less_than_two;TOC_ASSUMED_TO_BE_DOC_FOLLOWING_DEWIT_ETAL_2040,2013-11-10
Langtjern,3,280,NA,NA,0,NA,7,NA,12.3,NA,Zero_NO3_means_less_than_one;Zero_NH4_means_less_than_two;TOC_ASSUMED_TO_BE_DOC_FOLLOWING_DEWIT_ETAL_2041,2013-11-17
Langtjern,8,280,NA,NA,0,NA,9,NA,14,NA,Zero_NO3_means_less_than_one;Zero_NH4_means_less_than_two;TOC_ASSUMED_TO_BE_DOC_FOLLOWING_DEWIT_ETAL_2042,2013-11-24
Langtjern,7,290,NA,NA,0,NA,7,NA,13.9,NA,Zero_NO3_means_less_than_one;Zero_NH4_means_less_than_two;TOC_ASSUMED_TO_BE_DOC_FOLLOWING_DEWIT_ETAL_2043,2013-12-01
Langtjern,5,275,NA,NA,10,NA,7,NA,13.6,NA,Zero_NO3_means_less_than_one;Zero_NH4_means_less_than_two;TOC_ASSUMED_TO_BE_DOC_FOLLOWING_DEWIT_ETAL_2044,2013-12-08
Langtjern,4,300,NA,NA,5,NA,7,NA,13,NA,Zero_NO3_means_less_than_one;Zero_NH4_means_less_than_two;TOC_ASSUMED_TO_BE_DOC_FOLLOWING_DEWIT_ETAL_2045,2013-12-15
Langtjern,3,275,NA,NA,4,NA,7,NA,11.7,NA,Zero_NO3_means_less_than_one;Zero_NH4_means_less_than_two;TOC_ASSUMED_TO_BE_DOC_FOLLOWING_DEWIT_ETAL_2046,2013-12-22
Langtjern,3,275,NA,NA,4,NA,13,NA,12,NA,Zero_NO3_means_less_than_one;Zero_NH4_means_less_than_two;TOC_ASSUMED_TO_BE_DOC_FOLLOWING_DEWIT_ETAL_2047,2013-12-28
Langtjern,3,215,NA,NA,5,NA,16,NA,10.5,NA,Zero_NO3_means_less_than_one;Zero_NH4_means_less_than_two;TOC_ASSUMED_TO_BE_DOC_FOLLOWING_DEWIT_ETAL_2048,2014-01-05
Langtjern,3,235,NA,NA,2,NA,19,NA,9.8,NA,Zero_NO3_means_less_than_one;Zero_NH4_means_less_than_two;TOC_ASSUMED_TO_BE_DOC_FOLLOWING_DEWIT_ETAL_2049,2014-01-12
Langtjern,2,220,NA,NA,0,NA,22,NA,9,NA,Zero_NO3_means_less_than_one;Zero_NH4_means_less_than_two;TOC_ASSUMED_TO_BE_DOC_FOLLOWING_DEWIT_ETAL_2050,2014-01-21
Langtjern,3,190,NA,NA,3,NA,22,NA,9.6,NA,Zero_NO3_means_less_than_one;Zero_NH4_means_less_than_two;TOC_ASSUMED_TO_BE_DOC_FOLLOWING_DEWIT_ETAL_2051,2014-01-26
Langtjern,3,210,NA,NA,4,NA,20,NA,9.9,NA,Zero_NO3_means_less_than_one;Zero_NH4_means_less_than_two;TOC_ASSUMED_TO_BE_DOC_FOLLOWING_DEWIT_ETAL_2052,2014-02-02
Langtjern,4,225,NA,NA,3,NA,19,NA,9.9,NA,Zero_NO3_means_less_than_one;Zero_NH4_means_less_than_two;TOC_ASSUMED_TO_BE_DOC_FOLLOWING_DEWIT_ETAL_2053,2014-02-09
Langtjern,4,230,NA,NA,4,NA,19,NA,10.4,NA,Zero_NO3_means_less_than_one;Zero_NH4_means_less_than_two;TOC_ASSUMED_TO_BE_DOC_FOLLOWING_DEWIT_ETAL_2054,2014-02-16
Langtjern,4,250,NA,NA,6,NA,22,NA,10.2,NA,Zero_NO3_means_less_than_one;Zero_NH4_means_less_than_two;TOC_ASSUMED_TO_BE_DOC_FOLLOWING_DEWIT_ETAL_2055,2014-02-23
Langtjern,2,225,NA,NA,5,NA,23,NA,10.7,NA,Zero_NO3_means_less_than_one;Zero_NH4_means_less_than_two;TOC_ASSUMED_TO_BE_DOC_FOLLOWING_DEWIT_ETAL_2056,2014-03-02
Langtjern,4,265,NA,NA,8,NA,28,NA,10.6,NA,Zero_NO3_means_less_than_one;Zero_NH4_means_less_than_two;TOC_ASSUMED_TO_BE_DOC_FOLLOWING_DEWIT_ETAL_2057,2014-03-10
Langtjern,2,255,NA,NA,12,NA,48,NA,10.1,NA,Zero_NO3_means_less_than_one;Zero_NH4_means_less_than_two;TOC_ASSUMED_TO_BE_DOC_FOLLOWING_DEWIT_ETAL_2058,2014-03-16
Langtjern,2,240,NA,NA,9,NA,42,NA,10.3,NA,Zero_NO3_means_less_than_one;Zero_NH4_means_less_than_two;TOC_ASSUMED_TO_BE_DOC_FOLLOWING_DEWIT_ETAL_2059,2014-03-23
Langtjern,2,295,NA,NA,11,NA,46,NA,10.3,NA,Zero_NO3_means_less_than_one;Zero_NH4_means_less_than_two;TOC_ASSUMED_TO_BE_DOC_FOLLOWING_DEWIT_ETAL_2060,2014-03-30
Langtjern,0,240,NA,NA,14,NA,49,NA,9.7,NA,Zero_NO3_means_less_than_one;Zero_NH4_means_less_than_two;TOC_ASSUMED_TO_BE_DOC_FOLLOWING_DEWIT_ETAL_2061,2014-04-06
Langtjern,4,230,NA,NA,13,NA,44,NA,8.8,NA,Zero_NO3_means_less_than_one;Zero_NH4_means_less_than_two;TOC_ASSUMED_TO_BE_DOC_FOLLOWING_DEWIT_ETAL_2062,2014-04-14
Langtjern,2,210,NA,NA,12,NA,39,NA,6.7,NA,Zero_NO3_means_less_than_one;Zero_NH4_means_less_than_two;TOC_ASSUMED_TO_BE_DOC_FOLLOWING_DEWIT_ETAL_2063,2014-04-21
Langtjern,2,165,NA,NA,4,NA,15,NA,5.9,NA,Zero_NO3_means_less_than_one;Zero_NH4_means_less_than_two;TOC_ASSUMED_TO_BE_DOC_FOLLOWING_DEWIT_ETAL_2064,2014-04-27
Langtjern,3,155,NA,NA,2,NA,15,NA,5.5,NA,Zero_NO3_means_less_than_one;Zero_NH4_means_less_than_two;TOC_ASSUMED_TO_BE_DOC_FOLLOWING_DEWIT_ETAL_2065,2014-05-04
Langtjern,3,150,NA,NA,3,NA,14,NA,5.9,NA,Zero_NO3_means_less_than_one;Zero_NH4_means_less_than_two;TOC_ASSUMED_TO_BE_DOC_FOLLOWING_DEWIT_ETAL_2066,2014-05-11
Langtjern,2,190,NA,NA,4,NA,6,NA,7.1,NA,Zero_NO3_means_less_than_one;Zero_NH4_means_less_than_two;TOC_ASSUMED_TO_BE_DOC_FOLLOWING_DEWIT_ETAL_2067,2014-05-18
Langtjern,9,210,NA,NA,2,NA,3,NA,7.3,NA,Zero_NO3_means_less_than_one;Zero_NH4_means_less_than_two;TOC_ASSUMED_TO_BE_DOC_FOLLOWING_DEWIT_ETAL_2068,2014-05-25
Langtjern,4,215,NA,NA,0,NA,3,NA,7.2,NA,Zero_NO3_means_less_than_one;Zero_NH4_means_less_than_two;TOC_ASSUMED_TO_BE_DOC_FOLLOWING_DEWIT_ETAL_2069,2014-06-01
Langtjern,7,235,NA,NA,3,NA,0,NA,7.1,NA,Zero_NO3_means_less_than_one;Zero_NH4_means_less_than_two;TOC_ASSUMED_TO_BE_DOC_FOLLOWING_DEWIT_ETAL_2070,2014-06-08
Langtjern,1,210,NA,NA,3,NA,0,NA,7.4,NA,Zero_NO3_means_less_than_one;Zero_NH4_means_less_than_two;TOC_ASSUMED_TO_BE_DOC_FOLLOWING_DEWIT_ETAL_2071,2014-06-16
Langtjern,5,265,NA,NA,10,NA,1,NA,6.9,NA,Zero_NO3_means_less_than_one;Zero_NH4_means_less_than_two;TOC_ASSUMED_TO_BE_DOC_FOLLOWING_DEWIT_ETAL_2072,2014-06-22
Langtjern,5,245,NA,NA,14,NA,1,NA,7.1,NA,Zero_NO3_means_less_than_one;Zero_NH4_means_less_than_two;TOC_ASSUMED_TO_BE_DOC_FOLLOWING_DEWIT_ETAL_2073,2014-06-29
Langtjern,6,270,NA,NA,10,NA,10,NA,7.1,NA,Zero_NO3_means_less_than_one;Zero_NH4_means_less_than_two;TOC_ASSUMED_TO_BE_DOC_FOLLOWING_DEWIT_ETAL_2074,2014-07-06
Langtjern,4,240,NA,NA,5,NA,0,NA,7.3,NA,Zero_NO3_means_less_than_one;Zero_NH4_means_less_than_two;TOC_ASSUMED_TO_BE_DOC_FOLLOWING_DEWIT_ETAL_2075,2014-07-13
Langtjern,5,235,NA,NA,6,NA,1,NA,8.1,NA,Zero_NO3_means_less_than_one;Zero_NH4_means_less_than_two;TOC_ASSUMED_TO_BE_DOC_FOLLOWING_DEWIT_ETAL_2076,2014-07-21
Langtjern,5,245,NA,NA,20,NA,8,NA,7.8,NA,Zero_NO3_means_less_than_one;Zero_NH4_means_less_than_two;TOC_ASSUMED_TO_BE_DOC_FOLLOWING_DEWIT_ETAL_2077,2014-07-28
Langtjern,5,250,NA,NA,19,NA,8,NA,8.1,NA,Zero_NO3_means_less_than_one;Zero_NH4_means_less_than_two;TOC_ASSUMED_TO_BE_DOC_FOLLOWING_DEWIT_ETAL_2078,2014-08-03
Langtjern,7,440,NA,NA,15,NA,12,NA,8.2,NA,Zero_NO3_means_less_than_one;Zero_NH4_means_less_than_two;TOC_ASSUMED_TO_BE_DOC_FOLLOWING_DEWIT_ETAL_2079,2014-08-10
Langtjern,4,230,NA,NA,7,NA,2,NA,8.1,NA,Zero_NO3_means_less_than_one;Zero_NH4_means_less_than_two;TOC_ASSUMED_TO_BE_DOC_FOLLOWING_DEWIT_ETAL_2080,2014-08-17
Langtjern,4,230,NA,NA,7,NA,0,NA,9.7,NA,Zero_NO3_means_less_than_one;Zero_NH4_means_less_than_two;TOC_ASSUMED_TO_BE_DOC_FOLLOWING_DEWIT_ETAL_2081,2014-08-24
Langtjern,3,250,NA,NA,5,NA,0,NA,9.8,NA,Zero_NO3_means_less_than_one;Zero_NH4_means_less_than_two;TOC_ASSUMED_TO_BE_DOC_FOLLOWING_DEWIT_ETAL_2082,2014-08-31
Langtjern,4,275,NA,NA,10,NA,4,NA,9.9,NA,Zero_NO3_means_less_than_one;Zero_NH4_means_less_than_two;TOC_ASSUMED_TO_BE_DOC_FOLLOWING_DEWIT_ETAL_2083,2014-09-08
Langtjern,3,300,NA,NA,14,NA,0,NA,11.6,NA,Zero_NO3_means_less_than_one;Zero_NH4_means_less_than_two;TOC_ASSUMED_TO_BE_DOC_FOLLOWING_DEWIT_ETAL_2084,2014-09-15
Langtjern,6,295,NA,NA,12,NA,0,NA,12,NA,Zero_NO3_means_less_than_one;Zero_NH4_means_less_than_two;TOC_ASSUMED_TO_BE_DOC_FOLLOWING_DEWIT_ETAL_2085,2014-09-21
Langtjern,4,185,NA,NA,12,NA,9,NA,10.8,NA,Zero_NO3_means_less_than_one;Zero_NH4_means_less_than_two;TOC_ASSUMED_TO_BE_DOC_FOLLOWING_DEWIT_ETAL_2086,2014-09-28
Langtjern,4,275,NA,NA,12,NA,5,NA,10.8,NA,Zero_NO3_means_less_than_one;Zero_NH4_means_less_than_two;TOC_ASSUMED_TO_BE_DOC_FOLLOWING_DEWIT_ETAL_2087,2014-10-05
Langtjern,7,275,NA,NA,14,NA,8,NA,11.8,NA,Zero_NO3_means_less_than_one;Zero_NH4_means_less_than_two;TOC_ASSUMED_TO_BE_DOC_FOLLOWING_DEWIT_ETAL_2088,2014-10-12
Langtjern,2,270,NA,NA,11,NA,7,NA,12.3,NA,Zero_NO3_means_less_than_one;Zero_NH4_means_less_than_two;TOC_ASSUMED_TO_BE_DOC_FOLLOWING_DEWIT_ETAL_2089,2014-10-19
Langtjern,5,265,NA,NA,7,NA,8,NA,12.6,NA,Zero_NO3_means_less_than_one;Zero_NH4_means_less_than_two;TOC_ASSUMED_TO_BE_DOC_FOLLOWING_DEWIT_ETAL_2090,2014-10-27
Langtjern,4,240,NA,NA,3,NA,6,NA,12.9,NA,Zero_NO3_means_less_than_one;Zero_NH4_means_less_than_two;TOC_ASSUMED_TO_BE_DOC_FOLLOWING_DEWIT_ETAL_2091,2014-11-02
Langtjern,3,250,NA,NA,0,NA,11,NA,12.3,NA,Zero_NO3_means_less_than_one;Zero_NH4_means_less_than_two;TOC_ASSUMED_TO_BE_DOC_FOLLOWING_DEWIT_ETAL_2092,2014-11-09
Langtjern,4,245,NA,NA,0,NA,10,NA,11.7,NA,Zero_NO3_means_less_than_one;Zero_NH4_means_less_than_two;TOC_ASSUMED_TO_BE_DOC_FOLLOWING_DEWIT_ETAL_2093,2014-11-17
Langtjern,3,260,NA,NA,4,NA,11,NA,12,NA,Zero_NO3_means_less_than_one;Zero_NH4_means_less_than_two;TOC_ASSUMED_TO_BE_DOC_FOLLOWING_DEWIT_ETAL_2094,2014-11-22
Langtjern,3,240,NA,NA,4,NA,11,NA,12.3,NA,Zero_NO3_means_less_than_one;Zero_NH4_means_less_than_two;TOC_ASSUMED_TO_BE_DOC_FOLLOWING_DEWIT_ETAL_2095,2014-12-03
Langtjern,3,260,NA,NA,4,NA,12,NA,12.5,NA,Zero_NO3_means_less_than_one;Zero_NH4_means_less_than_two;TOC_ASSUMED_TO_BE_DOC_FOLLOWING_DEWIT_ETAL_2096,2014-12-08
Langtjern,3,315,NA,NA,10,NA,12,NA,12.6,NA,Zero_NO3_means_less_than_one;Zero_NH4_means_less_than_two;TOC_ASSUMED_TO_BE_DOC_FOLLOWING_DEWIT_ETAL_2097,2014-12-14
Langtjern,4,425,NA,NA,14,NA,11,NA,13,NA,Zero_NO3_means_less_than_one;Zero_NH4_means_less_than_two;TOC_ASSUMED_TO_BE_DOC_FOLLOWING_DEWIT_ETAL_2098,2014-12-22
Crampton,12.76,439.0296581,5.82,NA,NA,NA,49.17,NA,4.92,NA,NA,2013-05-14
Crampton,14.31,570.9005764,3.87,NA,NA,NA,41.65,NA,4.775,NA,NA,2013-05-21
Crampton,10.12,398.904949,3.87,NA,NA,NA,52.79,NA,NA,NA,NA,2013-05-27
Crampton,8.32,359.5942913,3.72,NA,NA,NA,47.05,NA,4.285,NA,NA,2013-06-04
Crampton,12.03,296.879703,6.1,NA,NA,NA,98.89,NA,4.715,NA,NA,2013-06-19
Crampton,8.89,436.9684525,4.85,NA,NA,NA,104.9,NA,NA,NA,NA,2013-07-04
Crampton,9.77,405.7676667,1.76,NA,NA,NA,69.27,NA,5.605,NA,NA,2013-08-02
Crampton,11.14,303.7950172,2.98,NA,NA,NA,67.43,NA,3.62,NA,NA,2013-09-14
Crampton,13.56,589.6860494,5.47,NA,NA,NA,118.29,NA,3.965,NA,NA,2013-07-23
EastLong,26.87,453.2555215,7.31,NA,NA,NA,75.83,NA,9.68,NA,NA,2013-05-15
EastLong,19.42,548.1888837,5.07,NA,NA,NA,129.12,NA,11.415,NA,NA,2013-05-22
EastLong,15.39,512.4686478,6.57,NA,NA,NA,124.74,NA,10.37,NA,NA,2013-05-29
EastLong,15.2,499.2821714,4.47,NA,NA,NA,145.01,NA,10.845,NA,NA,2013-06-05
EastLong,14.92,594.0443641,14.44,NA,NA,NA,170.61,NA,11.82,NA,NA,2013-06-12
EastLong,17.5,552.0549747,1.87,NA,NA,NA,131.25,NA,11.56,NA,NA,2013-06-19
EastLong,14.77,468.0531023,5.79,NA,NA,NA,141.1,NA,11.135,NA,NA,2013-06-26
EastLong,12.6,382.878145,5.79,NA,NA,NA,141.19,NA,10.27,NA,NA,2013-07-03
EastLong,22.33,626.4577905,7.48,NA,NA,NA,164.66,NA,12.87,NA,NA,2013-07-10
EastLong,19.45,477.3691775,3.62,NA,NA,NA,170.63,NA,9.78,NA,NA,2013-07-17
EastLong,18.14,585.4892468,2.69,NA,NA,NA,156.94,NA,10.985,NA,NA,2013-07-25
EastLong,15.84,366.979118,7.33,NA,NA,NA,144.47,NA,10.265,NA,NA,2013-07-31
EastLong,23.01,571.0151766,13.2,NA,NA,NA,137.7,NA,12.165,NA,NA,2013-08-06
EastLong,17.23,452.9008258,3.62,NA,NA,NA,136.08,NA,5.535,NA,NA,2013-08-14
EastLong,18.44,567.2492654,5.63,NA,NA,NA,126.55,NA,9.97,NA,NA,2013-09-14
Feeagh,9,381,NA,NA,NA,NA,NA,NA,6.34712,NA,DOC_modelled_from_Abs,2013-01-16
Feeagh,NA,NA,NA,NA,NA,NA,NA,NA,5.24312,NA,DOC_modelled_from_Abs,2013-02-19
Feeagh,7,365,NA,NA,NA,NA,NA,NA,4.82912,NA,DOC_modelled_from_Abs,2013-03-20
Feeagh,8,376,NA,NA,NA,NA,NA,NA,5.38112,NA,DOC_modelled_from_Abs,2013-04-22
Feeagh,6,332,NA,NA,NA,NA,NA,NA,4.89812,NA,DOC_modelled_from_Abs,2013-05-27
Feeagh,5,361,NA,NA,NA,NA,NA,NA,4.62212,NA,DOC_modelled_from_Abs,2013-06-24
Feeagh,7,333,NA,NA,NA,NA,NA,NA,5.79512,NA,DOC_modelled_from_Abs,2013-07-23
Feeagh,7,378,NA,NA,NA,NA,NA,NA,6.14012,NA,DOC_modelled_from_Abs,2013-08-15
Feeagh,6,528,NA,NA,NA,NA,NA,NA,5.38112,NA,DOC_modelled_from_Abs,2013-09-13
Feeagh,7,601,NA,NA,NA,NA,NA,NA,5.86412,NA,DOC_modelled_from_Abs,2013-10-14
Feeagh,NA,NA,NA,NA,NA,NA,NA,NA,6.20912,NA,DOC_modelled_from_Abs,2013-11-06
Feeagh,7,360,NA,NA,NA,NA,NA,NA,6.14012,NA,DOC_modelled_from_Abs,2013-11-21
Feeagh,9,393,NA,NA,NA,NA,NA,NA,6.20912,NA,DOC_modelled_from_Abs,2013-12-17
Morris,25.31,759.8450882,7.76,NA,NA,NA,196.92,NA,13.05,NA,NA,2013-05-15
Morris,25.94,572.5327466,5.82,NA,NA,NA,176.23,NA,17.65,NA,NA,2013-05-23
Morris,27.18,843.2149322,8.21,NA,NA,NA,195.02,NA,16.755,NA,NA,2013-05-30
Morris,30.41,857.8402391,8.36,NA,NA,NA,208.21,NA,16.02,NA,NA,2013-06-06
Morris,29.34,1019.232245,17.63,NA,NA,NA,58.57,NA,11.885,NA,NA,2013-06-17
Morris,34.2,852.8706623,8.28,NA,NA,NA,257.78,NA,18.5,NA,NA,2013-07-02
Morris,32.21,865.3244187,11.35,NA,NA,NA,264.38,NA,20.66,NA,NA,2013-07-19
Morris,37.94,928.760469,7.48,NA,NA,NA,245.27,NA,13.3,NA,NA,2013-08-01
Morris,33.65,777.030558,7.02,NA,NA,NA,249.14,NA,23.19,NA,NA,2013-08-13
Morris,38.52,1233.079669,7.81,NA,NA,NA,405.88,NA,22.38,NA,NA,2013-09-14
Lillinonah,28,389,NA,NA,NA,NA,NA,NA,NA,NA,NA,2014-06-05
Lillinonah,17,449,NA,NA,NA,NA,NA,NA,NA,NA,NA,2014-06-12
Lillinonah,60,643,NA,NA,NA,NA,NA,NA,NA,NA,NA,2014-06-18
Lillinonah,16,413,NA,NA,NA,NA,NA,NA,NA,NA,NA,2014-06-26
Lillinonah,25,421,NA,NA,NA,NA,NA,NA,NA,NA,NA,2014-07-02
Lillinonah,35,496,NA,NA,NA,NA,NA,NA,NA,NA,NA,2014-07-17
Lillinonah,73,791,NA,NA,NA,NA,NA,NA,NA,NA,NA,2014-07-23
Lillinonah,34,517,NA,NA,NA,NA,NA,NA,NA,NA,NA,2014-07-30
Lillinonah,42,657,NA,NA,NA,NA,NA,NA,NA,NA,NA,2014-08-07
Lillinonah,23,471,NA,NA,NA,NA,NA,NA,NA,NA,NA,2014-08-13
Lillinonah,23,482,NA,NA,NA,NA,NA,NA,NA,NA,NA,2014-08-20
Lillinonah,28,449,NA,NA,NA,NA,NA,NA,NA,NA,NA,2014-08-27
Lillinonah,32,565,NA,NA,NA,NA,NA,NA,NA,NA,NA,2014-09-04
Lillinonah,29,506,NA,NA,NA,NA,NA,NA,NA,NA,NA,2014-09-11
Lillinonah,20,491,NA,NA,NA,NA,NA,NA,NA,NA,NA,2014-09-18
Lillinonah,13,387,NA,NA,NA,NA,NA,NA,NA,NA,NA,2014-10-03
Harp,4.3,322,NA,NA,NA,NA,NA,NA,4.4,NA,NA,2013-05-07
Harp,4.2,261,NA,NA,NA,NA,NA,NA,4.6,NA,NA,2013-05-31
Harp,5,378,NA,NA,NA,NA,NA,NA,4.9,NA,NA,2013-06-07
Harp,6,235,NA,NA,NA,NA,NA,NA,5.4,NA,NA,2013-06-24
Harp,6.5,213,NA,NA,NA,NA,NA,NA,5.6,NA,NA,2013-07-02
Harp,5.4,271,NA,NA,NA,NA,NA,NA,5.2,NA,NA,2013-07-23
Harp,5.5,284,NA,NA,NA,NA,NA,NA,4.9,NA,NA,2013-08-09
Harp,4.7,250,NA,NA,NA,NA,NA,NA,5.2,NA,NA,2013-08-22
Harp,5.7,269,NA,NA,NA,NA,NA,NA,5.8,NA,NA,2013-09-04
Harp,6.8,228,NA,NA,NA,NA,NA,NA,5.4,NA,NA,2013-09-30
Harp,5.7,242,NA,NA,NA,NA,NA,NA,5,NA,NA,2013-10-08
Harp,6.1,268,NA,NA,NA,NA,NA,NA,5.5,NA,NA,2013-10-29
Harp,5.9,303,NA,NA,NA,NA,NA,NA,4.5,NA,NA,2013-11-26
Lillsjoliden,14,424,NA,4,8,NA,54,NA,16.3,NA,NA,2012-04-03
Lillsjoliden,13,353,NA,0,5,NA,4,NA,13.7,NA,NA,2012-05-28
Lillsjoliden,45,335,NA,3,11,NA,5,NA,13.6,NA,NA,2012-06-09
Lillsjoliden,15,325,NA,1,7,NA,6,NA,13.9,NA,NA,2012-06-25
Lillsjoliden,12,378,NA,3,17,NA,3,NA,14.2,NA,NA,2012-07-09
Lillsjoliden,16,375,NA,2,18,NA,8,NA,13.9,NA,NA,2012-07-23
Lillsjoliden,17,352,NA,1,17,NA,9,NA,13.4,NA,NA,2012-08-06
Lillsjoliden,14,334,NA,1,15,NA,7,NA,16,NA,NA,2012-08-20
Lillsjoliden,15,515,NA,1,20,NA,15,NA,19.3,NA,NA,2012-09-04
Lillsjoliden,14,479,NA,1,18,NA,13,NA,18.4,NA,NA,2012-09-15
Lillsjoliden,31,444,NA,0,28,NA,15,NA,18.6,NA,NA,2012-10-01
Nastjarn,7,290,NA,1,2,NA,55,NA,8.7,NA,NA,2013-04-05
Nastjarn,8,213,NA,5,0,NA,2,NA,8.3,NA,NA,2013-05-14
Nastjarn,14,147,NA,2,6,NA,2,NA,7.4,NA,NA,2013-05-29
Nastjarn,9,263,NA,0,0,NA,0,NA,8.1,NA,NA,2013-06-12
Nastjarn,8,229,NA,0,5,NA,1,NA,9,NA,NA,2013-06-26
Nastjarn,8,315,NA,1,0,NA,0,NA,9.2,NA,NA,2013-07-10
Nastjarn,7,247,NA,0,4,NA,5,NA,7.9,NA,NA,2013-07-24
Nastjarn,10,344,NA,3,10,NA,3,NA,8.2,NA,NA,2013-08-07
Nastjarn,5,499,NA,1,0,NA,1,NA,7.6,NA,NA,2013-08-21
Nastjarn,7,372,NA,0,6,NA,19,NA,7.5,NA,NA,2013-09-04
Nastjarn,8,335,NA,1,9,NA,3,NA,8.3,NA,NA,2013-09-18
Nastjarn,9,245,NA,0,3,NA,5,NA,8.4,NA,NA,2013-10-01
Nastjarn,9,307,NA,4,28,NA,12,NA,8.6,NA,NA,2013-10-14
Ovre,19,473,NA,7,26,NA,63,NA,18.3,NA,NA,2012-03-20
Ovre,23,398,NA,7,3,NA,5,NA,16.2,NA,NA,2012-06-04
Ovre,16,351,NA,0,3,NA,4,NA,17.2,NA,NA,2012-06-18
Ovre,23,382,NA,1,1,NA,2,NA,18.1,NA,NA,2012-07-02
Ovre,18,433,NA,1,12,NA,4,NA,20.7,NA,NA,2012-07-16
Ovre,19,457,NA,2,9,NA,7,NA,21.3,NA,NA,2012-07-31
Ovre,25,443,NA,0,7,NA,4,NA,23.2,NA,NA,2012-08-11
Ovre,23,437,NA,10,22,NA,10,NA,21.2,NA,NA,2012-08-27
Ovre,25,494,NA,8,5,NA,7,NA,28.7,NA,NA,2012-09-10
Ovre,26,498,NA,7,14,NA,10,NA,27.4,NA,NA,2012-09-25
Ovre,27,579,NA,10,8,NA,19,NA,30.7,NA,NA,2012-10-08
Struptjarn,11,550,NA,6,32,NA,61,NA,20.3,NA,NA,2012-03-28
Struptjarn,32,371,NA,3,5,NA,8,NA,17.9,NA,NA,2012-05-31
Struptjarn,17,408,NA,4,6,NA,11,NA,16.9,NA,NA,2012-06-13
Struptjarn,19,383,NA,4,6,NA,10,NA,16.7,NA,NA,2012-06-26
Struptjarn,23,394,NA,4,11,NA,3,NA,17.2,NA,NA,2012-07-10
Struptjarn,31,404,NA,1,7,NA,9,NA,16.3,NA,NA,2012-07-24
Struptjarn,28,409,NA,2,7,NA,4,NA,15.5,NA,NA,2012-08-07
Struptjarn,30,433,NA,2,4,NA,10,NA,19.7,NA,NA,2012-08-21
Struptjarn,25,482,NA,2,6,NA,12,NA,25.1,NA,NA,2012-09-06
Struptjarn,22,466,NA,1,5,NA,13,NA,25.4,NA,NA,2012-09-16
Struptjarn,27,582,NA,2,8,NA,3,NA,26,NA,NA,2012-10-02
Mangstrettjarn,18,412,NA,9,2,NA,94,NA,13.1,NA,NA,2013-04-04
Mangstrettjarn,14,271,NA,5,1,NA,2,NA,12.3,NA,NA,2013-05-14
Mangstrettjarn,15,236,NA,0,5,NA,5,NA,12.1,NA,NA,2013-05-28
Mangstrettjarn,9,297,NA,0,4,NA,1,NA,12,NA,NA,2013-06-11
Mangstrettjarn,9,325,NA,5,0,NA,1,NA,12.4,NA,NA,2013-06-25
Mangstrettjarn,9,326,NA,0,5,NA,3,NA,12.3,NA,NA,2013-07-09
Mangstrettjarn,11,271,NA,0,4,NA,6,NA,12.3,NA,NA,2013-07-23
Mangstrettjarn,11,330,NA,0,1,NA,1,NA,11.2,NA,NA,2013-08-06
Mangstrettjarn,11,319,NA,2,7,NA,2,NA,10.9,NA,NA,2013-08-20
Mangstrettjarn,10,492,NA,0,10,NA,21,NA,11.6,NA,NA,2013-09-03
Mangstrettjarn,9,359,NA,1,11,NA,12,NA,11.6,NA,NA,2013-09-17
Mangstrettjarn,14,359,NA,3,19,NA,6,NA,12.1,NA,NA,2013-10-01
Mangstrettjarn,23,331,NA,12,31,NA,6,NA,12.9,NA,NA,2013-10-15
Mendota,87,1243,52,NA,NA,307,NA,NA,5.18,0,NA,2016-01-27
Mendota,81,NA,53,NA,NA,308,NA,NA,5.28,4,NA,2016-01-27
Mendota,81,1290,52,NA,NA,309,NA,NA,5.25,8,NA,2016-01-27
Mendota,81,1272,52,NA,NA,309,NA,NA,5.18,8,NA,2016-01-27
Mendota,80,NA,52,NA,NA,313,NA,NA,NA,12,NA,2016-01-27
Mendota,83,NA,53,NA,NA,338,NA,NA,NA,16,NA,2016-01-27
Mendota,111,1282,78,NA,NA,400,NA,NA,5.04,20,NA,2016-01-27
Mendota,81,NA,11,NA,NA,652,NA,NA,NA,0,NA,2016-03-28
Mendota,89,NA,10,NA,NA,650,NA,NA,NA,4,NA,2016-03-28
Mendota,51,1231,10,NA,NA,646,NA,NA,4.68,0,NA,2016-04-12
Mendota,70,NA,11,NA,NA,646,NA,NA,4.51,4,NA,2016-04-12
Mendota,63,1407,11,NA,NA,644,NA,NA,4.48,8,NA,2016-04-12
Mendota,70,NA,12,NA,NA,640,NA,NA,4.53,12,NA,2016-04-12
Mendota,70,NA,14,NA,NA,645,NA,NA,4.59,16,NA,2016-04-12
Mendota,65,1370,13,NA,NA,645,NA,NA,4.64,20,NA,2016-04-12
Mendota,65,1306,13,NA,NA,645,NA,NA,4.55,20,NA,2016-04-12
Mendota,39,NA,0,NA,0,506,NA,NA,NA,0,NA,2016-04-25
Mendota,54,NA,2,NA,NA,541,NA,NA,NA,4,NA,2016-04-25
Mendota,49,NA,28,NA,NA,565,NA,NA,4.88,0,NA,2016-05-11
Mendota,58,NA,27,NA,NA,564,NA,NA,4.62,4,NA,2016-05-11
Mendota,NA,NA,NA,NA,NA,NA,NA,NA,4.63,8,NA,2016-05-11
Mendota,NA,NA,NA,NA,NA,NA,NA,NA,4.82,12,NA,2016-05-11
Mendota,NA,NA,NA,NA,NA,NA,NA,NA,4.79,16,NA,2016-05-11
Mendota,73,NA,39,NA,NA,551,NA,NA,4.75,20,NA,2016-05-11
Mendota,73,NA,39,NA,NA,551,NA,NA,4.63,20,NA,2016-05-11
Mendota,45,NA,17,NA,NA,523,NA,NA,NA,0,NA,2016-05-23
Mendota,55,NA,18,NA,NA,521,NA,NA,NA,4,NA,2016-05-23
Mendota,23,NA,0,NA,NA,315,NA,NA,4.91,0,NA,2016-06-07
Mendota,49,NA,0,NA,NA,338,NA,NA,4.88,4,NA,2016-06-07
Mendota,39,NA,2,NA,NA,375,NA,NA,4.82,8,NA,2016-06-07
Mendota,92,NA,45,NA,NA,458,NA,NA,4.67,10,NA,2016-06-07
Mendota,92,NA,45,NA,NA,458,NA,NA,4.75,10,NA,2016-06-07
Mendota,104,NA,73,NA,NA,431,NA,NA,4.56,12,NA,2016-06-07
Mendota,113,NA,79,NA,NA,442,NA,NA,4.63,14,NA,2016-06-07
Mendota,112,NA,81,NA,NA,459,NA,NA,4.76,16,NA,2016-06-07
Mendota,124,NA,91,NA,NA,441,NA,NA,4.55,18,NA,2016-06-07
Mendota,170,NA,132,NA,NA,382,NA,NA,4.82,20,NA,2016-06-07
Mendota,185,NA,147,NA,NA,367,NA,NA,4.69,22,NA,2016-06-07
Mendota,26,NA,0,NA,NA,323,NA,NA,NA,0,NA,2016-06-20
Mendota,24,NA,0,NA,NA,320,NA,NA,NA,4,NA,2016-06-20
Mendota,26,NA,0,NA,NA,38,NA,NA,4.87,0,NA,2016-07-05
Mendota,28,NA,0,NA,NA,35,NA,NA,4.69,4,NA,2016-07-05
Mendota,27,NA,0,NA,NA,301,NA,NA,4.68,8,NA,2016-07-05
Mendota,NA,NA,NA,NA,NA,NA,NA,NA,4.63,10,NA,2016-07-05
Mendota,184,NA,133,NA,NA,286,NA,NA,4.89,12,NA,2016-07-05
Mendota,205,NA,156,NA,NA,336,NA,NA,4.65,14,NA,2016-07-05
Mendota,242,NA,181,NA,NA,223,NA,NA,4.95,16,NA,2016-07-05
Mendota,242,NA,181,NA,NA,223,NA,NA,4.77,16,NA,2016-07-05
Mendota,302,NA,217,NA,NA,0,NA,NA,4.69,18,NA,2016-07-05
Mendota,365,NA,278,NA,NA,0,NA,NA,4.84,20,NA,2016-07-05
Mendota,550,NA,288,NA,NA,0,NA,NA,4.8,22,NA,2016-07-05
Mendota,22,NA,0,NA,0,0,NA,NA,NA,0,NA,2016-07-18
Mendota,23,NA,0,NA,0,0,NA,NA,NA,4,NA,2016-07-18
Mendota,22,489,0,NA,NA,0,NA,NA,4.85,0,NA,2016-08-01
Mendota,21,603,2,NA,0,0,NA,NA,4.61,4,NA,2016-08-01
Mendota,NA,529,NA,NA,NA,NA,NA,NA,4.78,6,NA,2016-08-01
Mendota,24,740,3,NA,NA,24,NA,NA,4.62,8,NA,2016-08-01
Mendota,24,717,3,NA,NA,24,NA,NA,4.57,8,NA,2016-08-01
Mendota,22,NA,2,NA,NA,0,NA,NA,4.56,10,NA,2016-08-01
Mendota,89,1207,37,NA,NA,0,NA,NA,4.69,12,NA,2016-08-01
Mendota,174,NA,117,NA,NA,0,NA,NA,4.65,14,NA,2016-08-01
Mendota,288,1760,214,NA,NA,0,NA,NA,4.73,16,NA,2016-08-01
Mendota,321,NA,241,NA,NA,0,NA,NA,4.71,18,NA,2016-08-01
Mendota,359,2212,276,NA,NA,0,NA,NA,4.83,20,NA,2016-08-01
Mendota,371,2161,291,NA,NA,0,NA,NA,4.8,22,NA,2016-08-01
Mendota,23,NA,2,NA,0,0,NA,NA,NA,0,NA,2016-08-15
Mendota,14,NA,0,NA,0,0,NA,NA,NA,4,NA,2016-08-15
Mendota,18,NA,4,NA,0,0,NA,NA,4.36,0,NA,2016-08-30
Mendota,22,NA,3,NA,0,0,NA,NA,4.27,4,NA,2016-08-30
Mendota,NA,NA,NA,NA,NA,NA,NA,NA,4.37,8,NA,2016-08-30
Mendota,NA,NA,NA,NA,NA,NA,NA,NA,4.19,10,NA,2016-08-30
Mendota,118,NA,85,NA,NA,0,NA,NA,4.19,12,NA,2016-08-30
Mendota,118,NA,85,NA,NA,0,NA,NA,4.22,12,NA,2016-08-30
Mendota,NA,NA,NA,NA,NA,NA,NA,NA,4.15,14,NA,2016-08-30
Mendota,302,NA,242,NA,NA,0,NA,NA,4.31,16,NA,2016-08-30
Mendota,NA,NA,NA,NA,NA,NA,NA,NA,4.21,18,NA,2016-08-30
Mendota,431,NA,343,NA,NA,0,NA,NA,4.32,20,NA,2016-08-30
Mendota,NA,NA,NA,NA,NA,NA,NA,NA,4.28,22,NA,2016-08-30
Mendota,38,NA,5,NA,NA,0,NA,NA,4.49,0,NA,2016-10-04
Mendota,35,NA,5,NA,NA,0,NA,NA,4.28,4,NA,2016-10-04
Mendota,35,NA,5,NA,NA,0,NA,NA,4.44,4,NA,2016-10-04
Mendota,NA,NA,NA,NA,NA,NA,NA,NA,4.34,8,NA,2016-10-04
Mendota,432,NA,383,NA,NA,0,NA,NA,4.45,20,NA,2016-10-04
Mendota,86,769,50,NA,0,0,NA,NA,4.56,0,NA,2016-11-09
Mendota,86,843,50,NA,0,0,NA,NA,4.4,0,NA,2016-11-09
Mendota,86,888,50,NA,NA,35,NA,NA,4.57,4,NA,2016-11-09
Mendota,NA,NA,NA,NA,NA,NA,NA,NA,4.47,8,NA,2016-11-09
Mendota,388,2377,270,NA,NA,0,NA,NA,4.58,20,NA,2016-11-09
Trout,6,214,NA,NA,11,46,NA,NA,2.73,0,NA,2013-01-15
Trout,14,205,NA,NA,11,55,NA,NA,2.66,10,NA,2013-01-15
Trout,10,247,NA,NA,9,84,NA,NA,2.69,20,NA,2013-01-15
Trout,8,224,NA,NA,21,92,NA,NA,2.62,20,NA,2013-01-15
Trout,44,556,NA,NA,295,106,NA,NA,2.35,32,NA,2013-01-15
Trout,5,226,NA,NA,13,55,NA,NA,2.37,0,NA,2013-02-21
Trout,6,217,NA,NA,17,59,NA,NA,2.43,10,NA,2013-02-21
Trout,6,211,NA,NA,18,55,NA,NA,2.31,10,NA,2013-02-21
Trout,9,250,NA,NA,25,62,NA,NA,2.38,20,NA,2013-02-21
Trout,28,537,NA,NA,309,121,NA,NA,2.36,32,NA,2013-02-21
Trout,0,280,NA,NA,57,63,NA,NA,11.66,0,NA,2013-03-28
Trout,11,187,NA,NA,4,65,NA,NA,13.11,10,NA,2013-03-28
Trout,7,230,NA,NA,3,66,NA,NA,12.53,10,NA,2013-03-28
Trout,14,266,NA,NA,32,74,NA,NA,12.52,20,NA,2013-03-28
Trout,88,506,NA,NA,359,6,NA,NA,13.5,32,NA,2013-03-28
Trout,1,209,NA,NA,6,56,NA,NA,2.37,0,NA,2013-05-16
Trout,2,216,NA,NA,8,58,NA,NA,2.15,10,NA,2013-05-16
Trout,0,211,NA,NA,7,58,NA,NA,2.26,20,NA,2013-05-16
Trout,0,266,NA,NA,48,61,NA,NA,2.32,32,NA,2013-05-16
Trout,2,208,NA,NA,40,60,NA,NA,2.14,32,NA,2013-05-16
Trout,7,168,NA,NA,7,1,NA,NA,2.79,0,NA,2013-06-12
Trout,7,178,NA,NA,4,1,NA,NA,2.45,0,NA,2013-06-12
Trout,1,158,NA,NA,3,1,NA,NA,2.55,3,NA,2013-06-12
Trout,2,160,NA,NA,6,5,NA,NA,2.74,8,NA,2013-06-12
Trout,4,207,NA,NA,11,35,NA,NA,2.46,15,NA,2013-06-12
Trout,4,215,NA,NA,23,54,NA,NA,2.19,20,NA,2013-06-12
Trout,5,253,NA,NA,55,63,NA,NA,2.02,32,NA,2013-06-12
Trout,0,163,NA,NA,6,7,NA,NA,2.71,0,NA,2013-07-09
Trout,1,192,NA,NA,4,2,NA,NA,2.9,3,NA,2013-07-09
Trout,1,143,NA,NA,2,2,NA,NA,2.66,3,NA,2013-07-09
Trout,6,160,NA,NA,0,0,NA,NA,NA,8,NA,2013-07-09
Trout,18,173,NA,NA,5,22,NA,NA,2.63,15,NA,2013-07-09
Trout,7,236,NA,NA,9,71,NA,NA,3.41,20,NA,2013-07-09
Trout,15,365,NA,NA,119,129,NA,NA,2.3,32,NA,2013-07-09
Trout,3,138,NA,NA,3,3,NA,NA,2.84,0,NA,2013-08-06
Trout,5,164,NA,NA,3,4,NA,NA,3.04,8,NA,2013-08-06
Trout,7,148,NA,NA,3,1,NA,NA,2.8,10,NA,2013-08-06
Trout,7,141,NA,NA,4,8,NA,NA,2.61,15,NA,2013-08-06
Trout,7,173,NA,NA,3,42,NA,NA,2.44,20,NA,2013-08-06
Trout,9,314,NA,NA,9,196,NA,NA,2.41,32,NA,2013-08-06
Trout,10,310,NA,NA,20,228,NA,NA,2.48,32,NA,2013-08-06
Trout,5,182,NA,NA,7,1,NA,NA,3.69,0,NA,2013-09-05
Trout,5,200,NA,NA,12,54,NA,NA,3.15,0,NA,2013-09-05
Trout,6,218,NA,NA,9,23,NA,NA,3.18,8,NA,2013-09-05
Trout,8,193,NA,NA,4,3,NA,NA,3.31,10,NA,2013-09-05
Trout,10,203,NA,NA,8,13,NA,NA,3.09,15,NA,2013-09-05
Trout,10,414,NA,NA,11,69,NA,NA,3.26,20,NA,2013-09-05
Trout,9,414,NA,NA,19,235,NA,NA,2.72,32,NA,2013-09-05
Trout,1,198,NA,NA,0,0,NA,NA,2.23,0,NA,2013-10-02
Trout,5,176,NA,NA,36,1,NA,NA,2.69,10,NA,2013-10-02
Trout,5,174,NA,NA,10,0,NA,NA,2.53,10,NA,2013-10-02
Trout,0,196,NA,NA,38,2,NA,NA,2.25,15,NA,2013-10-02
Trout,0,196,NA,NA,0,33,NA,NA,2.02,20,NA,2013-10-02
Trout,12,373,NA,NA,2,209,NA,NA,1.9,32,NA,2013-10-02
Trout,8,198,NA,NA,11,15,NA,NA,2.53,0,NA,2013-10-30
Trout,7,250,NA,NA,11,101,NA,NA,2.35,20,NA,2013-10-30
Trout,9,393,NA,NA,114,141,NA,NA,2.25,32,NA,2013-10-30
Trout,10,401,NA,NA,115,143,NA,NA,2.48,32,NA,2013-10-30
Trout,8,307,NA,NA,9,43,NA,NA,3.13,0,NA,2013-11-14
Trout,8,244,NA,NA,8,42,NA,NA,3.65,10,NA,2013-11-14
Trout,9,264,NA,NA,12,42,NA,NA,3,20,NA,2013-11-14
Trout,10,220,NA,NA,17,45,NA,NA,2.96,32,NA,2013-11-14
Trout,9,215,NA,NA,27,45,NA,NA,3.27,32,NA,2013-11-14
